"GDP, current prices (Billions of U.S. dollars)",1983,1984,1985,1986,1987,1988,1989,1990,1991,1992,1993,1994,1995,1996,1997,1998,1999,2000,2001,2002,2003,2004,2005,2006,2007,2008,2009,2010,2011,2012,2013,2014
Afghanistan,3.399,3.360,3.322,3.321,2.887,2.664,3.342,3.622,3.340,3.475,2.664,2.115,3.236,3.124,3.016,2.912,2.720,3.532,2.462,4.367,4.553,5.146,4.367,4.553,5.146,6.167,6.925,8.556,10.297,12.066,15.325,17.89
Albania,2.319,2.29,2.339,2.587,2.566,2.53,2.779,2.221,1.333,0.843,1.461,2.361,2.882,3.2,2.259,2.56,3.209,3.483,3.928,4.348,5.611,7.185,8.052,8.905,10.675,12.901,12.093,11.938,12.896,12.323,12.784,13.246
Algeria,47.529,51.513,61.132,61.535,63.3,51.664,52.558,61.892,46.67,49.217,50.963,42.426,42.066,46.941,48.178,48.188,48.845,54.749,54.745,56.761,67.864,85.327,103.198,117.027,134.977,171.001,137.054,161.207,200.251,209.016,209.755,213.81
Angola,5.788,6.135,7.559,7.077,8.089,8.775,10.208,11.236,10.891,8.398,6.095,4.438,5.539,6.535,7.675,6.506,6.153,9.13,8.936,12.497,14.189,19.641,28.234,41.789,60.449,84.178,75.492,82.471,104.116,115.342,124.912,126.777
Antigua and Barbuda,0.182,0.208,0.241,0.29,0.337,0.399,0.439,0.459,0.482,0.499,0.535,0.589,0.577,0.634,0.681,0.728,0.766,0.83,0.801,0.815,0.856,0.92,1.022,1.157,1.311,1.368,1.224,1.152,1.142,1.211,1.193,1.28
Argentina,112.721,126.563,95.593,114.949,117.854,138.044,88.567,153.205,205.515,247.987,256.365,279.15,280.08,295.12,317.549,324.242,307.673,308.491,291.738,108.731,138.151,164.922,199.273,232.892,287.92,363.545,334.633,424.728,527.644,579.666,611.471,563.614
Armenia,NA,NA,NA,NA,NA,NA,NA,2.257,2.069,0.108,0.835,0.648,1.287,1.597,1.639,1.892,1.845,1.912,2.118,2.376,2.807,3.577,4.9,6.384,9.206,11.662,8.648,9.26,10.142,10.619,11.121,11.61
Australia,179.651,197.326,174.553,181.653,213.306,271.393,308.276,323.929,324.594,318.139,309.64,353.223,379.781,425.588,426.662,381.104,411.822,399.276,376.928,424.522,540.421,657.431,734.846,781.947,949.146,1057.113,997.159,1249.648,1504.225,1561.175,1509.705,1449.521
Austria,70.874,66.857,68.47,97.157,121.499,133.293,132.965,166.493,174.045,195.069,189.958,203.514,240.747,236.828,212.61,217.994,217.01,196.998,197.123,213.725,261.22,300.264,315.188,334.603,386.995,429.638,398.602,390.94,429.431,407.677,428.382,439.073
Azerbaijan,NA,NA,NA,NA,NA,NA,NA,8.858,8.792,1.193,1.309,2.258,2.417,3.177,3.963,4.28,4.581,5.273,5.475,6.232,7.276,8.682,13.273,21.027,33.09,46.378,44.289,52.913,64.819,68.7,73.557,75.194
"Bahamas, The",2.643,2.822,3.074,3.323,3.658,3.804,4.288,4.088,4.018,4.015,3.993,4.208,4.429,4.661,4.961,5.354,6.02,6.328,6.517,6.958,6.949,7.094,7.706,7.966,8.319,8.247,7.82,7.91,7.89,8.399,8.522,8.618
Bahrain,4.368,4.534,4.278,3.347,3.626,4.481,4.675,4.965,5.209,5.442,5.986,6.411,6.787,7.057,7.318,6.996,7.582,9.063,9.189,9.594,11.075,13.15,15.969,18.505,21.73,25.711,22.938,25.713,28.777,30.749,32.539,33.388
Bangladesh,21.165,24.064,24.756,25.954,28.633,30.904,34.046,35.383,36.468,36.476,38.234,41.538,45.921,48.168,50.34,51.928,53.984,54.586,54.755,57.5,63.204,68.593,70.921,75.77,85.604,97.062,108.896,122.039,131.079,141.705,161.297,183.966
Barbados,1.243,1.355,1.418,1.557,1.714,1.823,2.018,2.024,2.032,1.957,2.075,2.163,2.275,2.425,2.564,2.891,3.029,3.122,3.117,3.17,3.275,3.514,3.897,4.303,4.546,4.595,4.601,4.447,4.359,4.332,4.371,4.353
Belarus,NA,NA,NA,NA,NA,NA,NA,NA,NA,12.364,11.02,15.152,10.179,13.953,13.543,14.589,11.678,12.758,12.421,14.654,17.812,23.141,30.211,36.963,45.275,60.746,49.191,57.22,61.368,65.669,75.496,78.736
Belgium,85.5,81.69,84.95,117.8,146.215,158.968,160.706,201.235,206.535,230.03,219.932,239.931,289.904,281.468,255.169,260.97,260.545,238.602,238.046,259.777,319.614,371.387,388.029,410.173,472.476,521.084,485.781,484.449,527.491,498.16,520.28,532.596
Belize,0.189,0.211,0.209,0.228,0.267,0.315,0.363,0.412,0.445,0.518,0.56,0.581,0.62,0.641,0.654,0.689,0.732,0.832,0.872,0.933,0.99,1.058,1.114,1.217,1.291,1.37,1.339,1.398,1.487,1.574,1.614,1.707
Benin,0.999,1.065,1.111,1.419,1.66,1.728,1.596,1.96,1.987,2.246,2.274,1.598,2.169,2.361,2.268,2.455,2.69,2.577,2.682,3.065,3.913,4.527,4.812,5.147,5.977,7.166,7.116,6.983,7.821,8.157,9.16,9.723
Bhutan,0.156,0.161,0.167,0.189,0.229,0.262,0.261,0.281,0.244,0.238,0.249,0.253,0.296,0.311,0.348,0.382,0.401,0.436,0.455,0.504,0.575,0.67,0.762,0.858,1.02,1.291,1.214,1.433,1.737,1.814,1.849,1.83
Bolivia,3.609,3.752,4.059,3.97,4.323,4.598,4.716,4.868,5.343,5.643,5.734,5.97,6.702,7.375,7.917,8.49,8.269,8.385,8.155,7.917,8.092,8.785,9.573,11.52,13.216,16.792,17.464,19.786,24.135,27.282,30.883,33.237
Botswana,1.21,1.201,1.118,1.516,2.376,3.084,3.444,3.803,3.806,3.932,3.961,4.261,4.732,4.881,5.024,4.819,5.485,5.804,5.516,5.456,7.538,8.969,10.027,10.165,10.942,11.028,10.317,13.755,15.334,14.701,14.814,16.259
Brazil,146.702,145.992,231.757,268.846,292.624,326.902,448.765,465.004,407.727,390.586,438.298,558.374,786.479,850.8,883.534,864.017,599.438,655.454,559.982,509.798,558.232,669.29,891.633,1107.628,1397.114,1695.855,1669.204,2208.704,2614.027,2464.053,2471.718,2456.054
Brunei Darussalam,NA,NA,4.434,2.704,3.105,2.955,3.314,3.908,4.109,4.646,4.558,4.537,5.255,5.679,5.769,4.496,5.106,6.662,6.218,6.487,7.279,8.739,10.581,12.736,13.576,16.005,11.892,13.707,18.525,19.047,18.092,17.098
Bulgaria,28.87,30.668,26.258,23.239,26.938,44.022,44.835,19.768,1.937,7.861,4.266,7.5,12.564,9.491,10.024,13.227,13.501,13.153,14.076,16.277,20.984,25.958,29.636,34.131,44.41,54.408,51.885,50.611,57.42,53.901,55.76,56.732
Burkina Faso,1.571,1.404,1.553,2.036,2.37,2.616,2.616,3.101,3.135,3.357,3.2,1.924,2.38,2.587,2.448,2.805,3.013,2.633,2.836,3.218,4.212,4.843,5.474,5.82,6.781,8.409,8.391,9.123,10.734,11.172,11.938,12.329
Burundi,1.106,1.005,1.17,1.233,1.161,1.088,1.131,1.131,1.167,1.082,0.938,0.924,1,0.868,0.972,0.893,0.866,0.87,0.877,0.825,0.785,0.915,1.117,1.273,1.356,1.612,1.775,2.032,2.236,2.333,2.575,2.934
Cabo Verde,0.152,0.145,0.152,0.21,0.26,0.292,0.295,0.339,0.353,0.395,0.398,0.448,0.536,0.553,0.54,0.575,0.652,0.589,0.616,0.679,0.891,1.023,1.09,1.237,1.514,1.789,1.712,1.664,1.865,1.752,1.851,1.861
Cambodia,NA,NA,NA,0.205,0.141,0.276,0.346,0.899,2.011,2.439,2.427,2.765,3.441,3.507,3.443,3.13,3.513,3.667,3.992,4.289,4.665,5.334,6.287,7.268,8.63,10.342,10.391,11.232,12.818,14.049,15.249,16.714
Cameroon,8.401,8.879,9.274,12.088,14.002,14.219,12.678,12.692,14.152,12.97,13.532,9.207,8.733,9.732,9.841,9.828,10.015,9.027,9.638,10.888,13.63,15.784,16.617,17.97,20.461,23.432,23.442,23.667,26.612,26.487,29.576,32.101
Canada,340.55,355.373,364.771,377.445,431.334,507.378,565.077,593.962,610.322,592.401,577.2,578.138,604.034,628.569,652.834,631.852,676.005,742.319,736.425,757.981,892.498,1023.17,1169.467,1315.515,1464.978,1549.073,1371.152,1613.463,1788.647,1824.289,1842.627,1792.883
Central African Republic,0.69,0.67,0.883,1.158,1.275,1.372,1.354,1.572,1.498,1.494,1.309,0.858,1.117,1,0.979,1.036,1.039,0.885,0.897,0.963,1.11,1.257,1.337,1.461,1.698,1.985,1.982,1.986,2.196,2.171,1.519,1.706
Chad,0.844,0.907,0.983,1.211,1.372,1.604,1.515,1.826,1.809,1.886,1.648,1.335,1.636,1.819,1.748,1.975,1.739,1.572,1.936,2.257,3.102,5.003,6.681,7.451,8.687,10.438,9.312,10.702,12.181,12.411,12.994,14.003
Chile,20.674,20.104,17.239,18.532,21.857,25.766,29.681,33,37.983,46.272,49.507,57.116,73.602,78.027,84.926,81.588,75.121,77.825,70.969,69.729,75.644,99.237,122.958,154.782,173.471,179.512,172.512,218.268,252.068,267.026,278.34,260.954
China,307.683,316.666,312.616,303.34,330.303,411.923,461.066,398.623,415.604,495.671,623.054,566.471,736.87,867.224,965.32,1032.576,1097.133,1214.912,1344.097,1477.483,1671.072,1966.223,2308.786,2774.308,3571.451,4604.285,5121.681,6066.351,7522.103,8570.348,9635.025,10534.526
Colombia,54.249,53.581,48.877,48.944,50.948,54.925,55.384,56.412,58.308,68.997,78.195,98.26,111.237,116.838,128.267,118.442,103.761,99.875,98.201,97.946,94.645,117.092,146.547,162.766,207.465,244.302,233.893,286.954,335.437,369.43,380.17,378.323
Comoros,0.122,0.118,0.12,0.162,0.196,0.207,0.199,0.25,0.26,0.281,0.278,0.186,0.232,0.23,0.212,0.216,0.223,0.202,0.22,0.252,0.325,0.363,0.388,0.404,0.466,0.533,0.537,0.544,0.611,0.596,0.658,0.685
"Congo, Republic",52.378,34.951,31.943,35.84,33.932,39.314,40.006,41.448,40.25,36.333,47.45,25.746,25.021,32.099,28.819,21.089,19.147,19.077,8.173,8.719,8.954,10.341,11.951,14.296,16.364,19.129,18.315,20.641,24.575,27.566,32.676,35.918
"Congo, Democrat",1.354,1.245,1.276,1.746,2.121,2.257,2.384,2.799,2.725,2.933,2.684,1.769,2.116,2.54,2.323,1.949,2.357,3.22,2.794,3.02,3.503,4.655,6.098,7.738,7.446,10.224,9.363,12.304,14.811,13.664,14.026,14.099
Congo,53.732,36.196,33.219,37.586,36.053,41.571,42.39,44.247,42.975,39.266,50.134,27.515,27.137,34.639,31.142,23.038,21.504,22.297,10.967,11.739,12.457,14.996,18.049,22.034,23.81,29.353,27.678,32.945,39.386,41.23,46.702,50.017
Costa Rica,3.15,3.664,3.926,4.408,4.537,4.618,5.23,5.716,7.238,8.578,9.586,10.473,11.545,11.64,12.568,13.634,14.211,14.965,15.93,16.525,17.22,18.562,19.994,22.659,26.856,30.844,30.826,37.634,42.717,46.984,50.326,51.26
Croatia,NA,NA,NA,NA,NA,NA,NA,NA,NA,12.247,12.968,17.349,22.388,23.601,23.974,25.346,23.374,21.774,23.289,26.878,34.659,41.574,45.416,50.436,60.081,70.452,62.636,59.665,62.237,56.486,57.77,57.08
Cyprus,2.321,2.447,2.611,3.317,3.979,4.589,4.901,6.003,6.195,7.424,7.098,8.004,9.937,10.016,9.545,10.256,10.502,9.988,10.396,11.422,14.552,17.328,18.713,20.422,24.083,27.972,26.008,25.608,27.454,25.026,24.064,23.345
Côte d'Ivoire,6.768,6.736,6.907,9.186,10.097,10.214,9.767,10.822,10.53,11.178,11.056,8.329,11.007,12.139,11.735,12.627,12.393,10.748,11.202,12.39,15.336,16.576,17.115,17.817,20.373,24.339,24.341,24.931,25.693,26.805,31.274,35.373
Denmark,60.65,59.115,62.682,88.103,109.433,115.568,112.436,138.258,139.265,152.961,143.21,156.181,185.042,187.644,173.558,177.005,177.961,164.188,164.82,178.648,218.139,251.37,264.489,282.895,319.424,353.359,321.243,321.995,344.003,327.149,343.584,352.297
Djibouti,0.334,0.338,0.357,0.341,0.373,0.396,0.409,0.452,0.462,0.478,0.466,0.492,0.498,0.494,0.503,0.514,0.541,0.556,0.577,0.596,0.628,0.666,0.709,0.769,0.848,0.984,1.015,1.099,1.239,1.354,1.455,1.588
Dominica,0.099,0.109,0.119,0.135,0.152,0.171,0.185,0.201,0.22,0.234,0.246,0.264,0.275,0.292,0.303,0.322,0.332,0.333,0.34,0.333,0.343,0.367,0.364,0.39,0.421,0.458,0.489,0.494,0.501,0.486,0.502,0.524
Dominican Republic,9.461,14.87,6.496,7.891,8.305,7.605,8.589,7.995,9.887,11.605,13.081,14.645,16.637,18.242,20.017,21.672,22.137,24.306,25.602,27.249,21.518,22.506,35.948,37.998,44.067,48.206,48.319,53.893,58.023,60.703,62.061,65.322
Ecuador,15.129,16.101,18.83,13.816,12.91,12.277,12.049,12.236,13.73,15.012,17.537,21.147,22.968,24.035,27.009,27.474,19.74,18.319,24.468,28.549,32.433,36.592,41.507,46.802,51.008,61.763,62.52,69.555,79.277,87.925,95.13,102.292
Egypt,37.254,41.888,48.841,54.076,77.359,92.53,115.362,96.087,48.431,44.168,49.526,54.55,63.26,71.114,79.77,89.188,95.039,104.752,102.273,90.261,85.163,82.855,94.127,112.902,137.055,170.797,198.316,230.024,247.726,278.769,288.007,305.567
El Salvador,3.25,2.377,2.311,2.327,2.366,2.762,3.157,4.801,5.311,5.955,6.938,8.086,9.501,10.316,11.135,12.008,12.465,13.134,13.813,14.307,15.047,15.798,17.094,18.551,20.105,21.431,20.661,21.418,23.139,23.814,24.351,25.054
Equatorial Guinea,0.04,0.044,0.074,0.091,0.111,0.119,0.105,0.133,0.132,0.16,0.162,0.12,0.169,0.276,0.526,0.44,0.738,1.156,1.672,2.061,3.765,5.95,8.184,10.087,13.072,19.75,15.028,16.299,21.329,22.39,21.943,21.462
Eritrea,NA,NA,NA,NA,NA,NA,NA,NA,NA,0.783,0.483,0.56,0.624,0.749,0.767,0.809,0.794,0.706,0.752,0.729,0.87,1.109,1.098,1.211,1.318,1.38,1.857,2.117,2.608,3.092,3.502,4.052
Ethiopia,8.863,8.375,9.808,10.188,10.89,11.285,11.872,12.595,13.928,14.696,9.143,8.135,8.431,8.826,8.909,8.078,7.927,8.235,8.223,7.851,8.623,10.142,12.408,15.283,19.701,26.839,32.464,29.917,31.958,43.134,47.656,55.512
FYR Macedonia,NA,NA,NA,NA,NA,NA,NA,NA,NA,2.443,2.687,3.561,4.687,4.642,3.928,3.764,3.867,3.774,3.709,3.991,4.946,5.684,6.257,6.86,8.337,9.912,9.4,9.415,10.659,9.751,10.824,11.378
Fiji,1.149,1.205,1.168,1.32,1.205,1.136,1.21,1.337,1.384,1.532,1.635,1.825,1.97,2.129,2.094,1.656,1.942,1.684,1.66,1.843,2.316,2.727,3.007,3.103,3.405,3.647,2.971,3.251,3.775,3.972,4.19,4.484
Finland,51.065,53.028,56.234,73.66,91.782,108.806,119.237,141.806,128.279,113.104,89.323,103.761,134.35,132.155,127.005,134.111,135.403,125.908,129.361,140.047,171.398,197.035,204.786,216.742,255.739,285.087,252.137,248.262,273.925,256.849,270.065,273.042
France,564.582,534.333,559.846,776.121,939.453,1025.679,1031.314,1278.666,1280.302,1412.1,1331.659,1404.479,1611.198,1614.708,1462.606,1512.957,1502.245,1372.452,1383.406,1505.649,1851.66,2126.995,2207.45,2327.052,2666.805,2937.321,2700.658,2651.772,2865.304,2682.901,2809.39,2853.832
Gabon,3.689,3.547,3.736,4.889,3.699,4.079,4.458,6.339,5.754,5.955,5.757,4.463,5.281,6.064,5.673,4.774,4.966,5.397,5.019,5.31,6.497,7.756,9.459,10.154,12.439,15.509,12.152,14.359,18.203,17.181,17.596,18.209
Gambia,0.332,0.238,0.29,0.226,0.303,0.352,0.37,0.434,0.455,0.493,0.529,0.523,0.547,0.571,0.591,0.607,0.623,0.607,0.603,0.533,0.53,0.579,0.624,0.655,0.799,0.966,0.901,0.952,0.898,0.91,0.899,0.833
Georgia,NA,NA,NA,NA,NA,NA,NA,7.754,6.358,3.690,2.701,0.827,1.907,3.063,3.511,3.607,2.805,3.057,3.218,3.396,3.991,5.126,6.411,7.745,10.173,12.795,10.767,11.638,14.435,15.847,16.141,16.515
German Federal Republic,689.366,649.558,658.784,940.833,1170.617,1262.02,1252.915,1592.71,1869.104,2128.558,2069.766,2211.022,2594.371,2504.671,2221.738,2246.445,2202.845,1955.673,1952.325,2086.496,2510.528,2823.071,2866.308,3005.081,3444.723,3770.15,3426.672,3423.466,3761.142,3545.946,3753.687,3896.788
Ghana,38.543,12.064,10.123,9.192,7.844,8.317,8.424,9.979,11.238,11.043,9.713,8.872,10.517,11.298,11.195,12.16,12.576,8.107,8.647,10.032,12.418,14.451,17.461,20.401,24.758,28.528,25.59,32.174,39.565,41.939,47.806,38.774
Greece,49.634,48.337,47.964,56.434,65.661,76.465,79.241,97.979,105.642,116.624,109.01,116.539,136.968,145.875,143.343,144.645,149.04,132.197,136.308,154.376,202.311,240.848,248.207,273.558,318.94,356.14,330.837,299.919,288.062,245.807,239.937,236.455
Grenada,0.132,0.146,0.168,0.188,0.215,0.236,0.267,0.278,0.301,0.31,0.31,0.325,0.342,0.367,0.392,0.446,0.482,0.52,0.52,0.54,0.591,0.599,0.695,0.699,0.759,0.826,0.771,0.771,0.779,0.8,0.843,0.911
Guatemala,8.406,8.796,10.385,5.615,6.502,7.042,8.118,7.106,8.687,9.625,10.462,11.855,13.314,14.218,16.103,17.488,16.492,17.187,18.703,20.777,21.918,23.965,27.211,30.231,34.113,39.137,37.734,41.338,47.655,50.388,53.851,58.722
Guinea,2.284,2.327,2.473,2.675,2.84,3.317,3.384,3.71,4.195,4.57,4.562,4.707,5.139,5.316,5.212,5.003,4.798,4.039,3.806,4.022,4.759,5.054,4.506,4.178,6.317,6.966,6.753,6.866,6.034,7.304,8.374,8.79
Guinea-Bissau,0.281,0.195,0.287,0.28,0.237,0.221,0.266,0.324,0.456,0.5,0.386,0.435,0.46,0.438,0.416,0.376,0.406,0.364,0.38,0.41,0.477,0.532,0.588,0.592,0.697,0.869,0.829,0.851,1.099,0.99,1.046,1.055
Guyana,0.466,0.465,0.474,0.523,0.655,0.615,0.779,0.652,0.735,0.602,0.721,0.874,0.993,1.116,1.188,1.114,1.147,1.123,1.127,1.16,1.197,1.26,1.311,1.455,1.741,1.916,2.023,2.262,2.582,2.854,2.99,3.078
Haiti,1.9,2.105,2.337,2.597,1.279,0.841,0.778,0.99,0.888,0.533,0.61,1.775,2.813,2.908,3.339,3.724,4.154,3.954,3.596,3.472,2.96,3.538,4.31,4.756,5.885,6.55,6.584,6.62,7.516,7.89,8.451,8.774
Honduras,4.207,4.538,4.976,5.207,5.678,6.324,7.065,4.169,4.195,4.675,4.794,4.693,5.415,5.217,5.736,6.366,6.417,7.104,7.566,7.775,8.14,8.772,9.672,10.842,12.275,13.79,14.486,15.73,17.649,18.464,18.436,19.688
Hong Kong SAR,29.907,33.511,35.657,41.074,50.625,59.708,68.791,76.93,88.96,104.272,120.355,135.813,144.652,159.719,177.356,168.885,165.77,171.669,169.407,166.35,161.384,169.097,181.57,193.534,211.599,219.28,214.046,228.637,248.514,262.627,275.697,291.463
Hungary,21.774,21.111,21.378,24.624,27.064,29.615,30.234,34.264,34.651,38.616,40.007,43.023,46.301,46.538,47.178,48.662,49.075,47.209,53.697,67.561,85.05,103.695,112.589,114.801,139.198,157.291,129.965,130.258,140.172,127.171,134.677,139.343
Iceland,2.808,2.905,3.028,4.038,5.595,6.182,5.736,6.545,6.994,7.154,6.272,6.438,7.174,7.52,7.596,8.468,8.931,8.946,8.144,9.2,11.304,13.709,16.691,17.043,21.295,17.64,12.887,13.255,14.675,14.219,15.479,17.179
India,222.049,215.556,237.618,252.751,283.75,299.645,300.187,326.608,274.842,293.262,284.194,333.014,366.6,399.791,423.189,428.767,466.841,476.636,493.934,523.768,618.369,721.589,834.218,949.118,1238.7,1224.096,1365.373,1708.46,1823.052,1827.637,1856.721,2035.393
Indonesia,103.149,107.218,107.062,101.22,95.214,107.279,122.582,138.258,154.558,168.28,190.913,213.727,244.227,274.722,260.68,115.323,169.158,179.482,174.507,212.807,255.428,279.556,310.815,396.293,470.144,558.582,577.539,755.256,892.59,919.002,916.646,891.051
Iran,154.074,158.48,177.575,206.833,275.119,314.59,375.448,571.821,300.023,49.196,64.75,82.127,116.026,157.889,185.619,208.109,276.334,364.895,331.795,129.373,152.74,182.558,222.155,263.168,339.573,392.759,396.681,462.41,577.214,389.199,396.408,423.409
Iraq,40.6,46.8,48.28,47.13,56.61,62.5,65.64,179.9,155.643,131.386,107.129,82.871,58.614,34.357,10.1,10.469,18.449,25.857,18.936,18.97,15.8,36.642,50.065,65.144,88.833,131.614,111.66,138.517,185.75,218.032,234.638,234.651
Ireland,20.595,19.864,21.152,28.363,33.626,36.838,37.995,48.148,48.801,54.864,50.838,55.784,69.186,75.844,82.873,90.169,98.787,100.109,109.201,128.371,164.555,194.127,211.995,232.365,270.374,276.417,236.951,222.337,239.14,225.497,239.076,258.041
Israel,30.185,28.576,26.559,32.696,39.052,48.377,49.222,58.082,65.887,73.624,73.996,84.468,100.344,109.959,114.727,115.98,117.189,132.339,130.708,121.069,126.864,135.446,142.463,153.967,178.707,215.839,207.417,233.611,261.627,257.295,292.492,308.415
Italy,449.739,444.306,458.982,650.037,815.836,903.851,939.875,1173.063,1239.527,1314.814,1057.442,1090.596,1171.51,1309.315,1240.578,1268.032,1250.203,1145.109,1163.316,1270.994,1572.653,1800.756,1855.834,1944.339,2206.109,2402.062,2190.7,2129.021,2278.376,2073.971,2131.157,2155.153
Jamaica,2.875,2.119,1.993,2.369,2.672,3.184,3.692,4.663,4.285,4.328,5.516,5.529,6.543,7.046,8.076,8.462,8.496,8.696,8.835,9.332,8.994,9.743,10.756,11.468,12.881,13.743,12.107,13.192,14.409,14.761,14.203,13.863
Japan,1224.235,1298.221,1388.519,2061,2495.962,3027.461,3029.947,3110.14,3558.957,3879.48,4448.949,4907.582,5450.805,4834.019,4415.715,4034.448,4546.05,4887.301,4304.758,4115.197,4447.378,4815.772,4755.98,4530.475,4515.264,5037.91,5231.384,5700.099,6157.46,6203.213,5155.716,4848.733
Jordan,4.922,4.972,5.001,6.404,6.751,6.324,4.252,4.161,4.345,5.369,5.532,6.197,6.65,6.928,7.246,7.912,8.149,8.461,8.975,9.582,10.196,11.411,12.589,15.057,17.111,21.963,23.82,26.425,28.84,30.981,33.641,35.878
Kazakhstan,NA,NA,NA,NA,NA,NA,NA,NA,NA,2.875,5.152,11.648,16.594,20.893,22.13,21.624,16.87,18.292,22.153,24.637,30.834,43.152,57.125,81.003,104.85,133.441,115.309,148.047,192.626,207.999,236.635,221.416
Kenya,8.47,8.788,8.746,10.387,11.387,11.806,11.705,12.18,11.501,11.327,7.869,9.422,11.944,13.565,13.742,15.739,14.353,14.136,14.536,14.764,16.796,18.064,21.001,25.826,31.958,35.895,37.022,40,41.672,50.422,55.126,61.544
Kiribati,0.038,0.042,0.032,0.031,0.073,0.045,0.044,0.043,0.047,0.048,0.047,0.055,0.056,0.067,0.067,0.066,0.069,0.068,0.063,0.072,0.091,0.103,0.112,0.109,0.131,0.142,0.132,0.154,0.176,0.186,0.183,0.178
South Korea,87.027,96.596,100.288,115.537,146.132,196.972,243.508,279.215,325.713,350.078,386.292,455.645,556.449,598.063,557.547,374.14,485.257,561.595,533.188,609.017,680.581,764.892,898.137,1012.044,1122.679,1002.219,901.935,1094.499,1202.464,1222.807,1305.605,1411.334
Kuwait,20.317,21.457,21.54,17.376,20.817,19.281,23.855,18.293,10.826,19.866,23.996,24.796,27.189,31.492,30.35,25.944,30.123,37.721,34.886,38.135,47.844,59.439,80.807,101.559,114.677,147.402,105.992,115.401,154.02,174.066,174.179,162.695
Kyrgyzstan,NA,NA,NA,NA,NA,NA,NA,NA,NA,0.917,0.665,1.108,1.493,1.822,1.767,1.63,1.242,1.368,1.525,1.606,1.92,2.214,2.459,2.837,3.807,5.139,4.69,4.794,6.198,6.604,7.335,7.467
Laos,2.047,2.93,3.685,2.577,1.815,1.182,1.46,1.742,2.053,2.354,2.652,3.081,3.579,3.726,3.515,1.334,1.415,1.72,1.757,1.844,2.259,2.649,3.049,3.915,4.757,5.948,6.431,7.504,8.963,10.195,11.974,13.266
Latvia,NA,NA,NA,NA,NA,NA,NA,NA,NA,1.694,2.728,4.532,5.41,5.97,6.527,7.178,7.534,7.948,8.351,9.553,11.753,14.377,16.949,21.466,30.946,35.763,26.238,23.809,28.496,28.141,30.26,31.402
Lebanon,3.66,4.327,3.614,2.817,3.298,3.314,2.718,2.838,4.452,5.546,7.535,9.11,11.119,12.997,15.745,17.289,17.405,17.248,17.595,19.091,19.749,21.146,21.49,22.049,24.873,29.228,35.477,38.42,40.076,43.869,46.014,47.833
Lesotho,0.446,0.399,0.319,0.366,0.478,0.543,0.564,0.681,0.772,0.896,0.894,0.943,1.06,1.004,1.058,0.975,0.957,0.93,0.853,0.777,1.155,1.472,1.641,1.735,1.955,1.937,2.023,2.624,2.96,2.81,2.655,2.587
Libya,31.963,29.93,29.44,23.987,22.294,25.067,26.594,30.644,33.908,34.358,30.921,28.796,32.69,35.683,36.531,29.96,35.975,38.271,34.112,20.471,26.186,32.996,47.335,54.963,67.69,73.917,50.808,68.974,31.999,79.759,51.896,24.262
Luxembourg,4.491,4.403,4.564,6.644,8.246,9.34,9.946,12.68,13.743,15.395,15.781,17.561,20.659,20.549,18.506,19.343,21.174,21.326,21.291,23.7,29.614,34.732,37.411,42.451,50.959,56.114,51.501,53.312,60.06,56.709,61.827,66.403
Madagascar,3.512,2.939,2.858,3.258,2.566,2.442,2.498,3.081,2.677,3.001,3.371,2.977,3.16,3.995,3.546,3.738,3.721,3.878,4.53,4.397,5.474,4.364,5.039,5.516,7.343,9.413,8.55,8.73,9.893,9.92,10.602,10.674
Malawi,2.121,2.095,1.962,2.048,2.013,2.314,2.639,2.999,3.821,3.12,3.591,2.081,2.423,3.956,4.619,3.036,3.08,3.023,2.967,3.496,3.211,3.476,3.656,3.998,4.431,5.321,6.195,6.957,7.984,5.981,5.432,6.055
Malaysia,32.286,36.568,33.612,29.879,34.046,37.315,41.095,46.575,52.765,63.521,71.837,79.985,95.395,108.3,107.57,77.508,84.996,100.719,99.639,108.296,118.344,133.966,148.245,168.084,199.96,238.645,208.914,255.024,297.961,314.443,323.276,338.066
Maldives,0.094,0.113,0.134,0.158,0.149,0.178,0.201,0.231,0.262,0.306,0.346,0.382,0.466,0.527,0.652,0.693,0.756,0.801,0.767,0.828,1.052,1.227,1.163,1.575,1.868,2.272,2.345,2.588,2.629,2.885,3.284,3.69
Mali,1.418,1.416,1.426,1.981,2.308,2.316,2.827,3.223,3.285,3.373,3.362,2.575,3.337,3.416,3.208,3.328,3.444,2.963,3.468,3.903,4.713,5.452,6.256,6.906,8.157,9.797,10.207,10.699,12.99,12.45,13.25,14.411
Malta,1.078,1.021,1.034,1.342,1.675,1.901,1.992,2.391,2.601,2.895,2.58,2.856,3.367,3.433,3.476,3.68,3.836,4.059,4.067,4.475,5.423,6.049,6.402,6.786,7.944,9.02,8.55,8.757,9.514,9.209,10.15,11.235
Mauritania,0.788,0.7269,0.6832,0.8029,0.9098,0.9574,1.02,1.213,1.39,1.464,1.25,1.316,1.415,1.443,1.402,1.371,1.406,1.294,1.296,1.324,1.563,1.831,2.184,3.041,3.331,3.947,3.67,4.33,5.176,5.234,5.724,5.391
Mauritius,1.132,1.047,1.061,1.432,1.813,2.103,2.161,2.596,2.851,3.211,3.309,3.673,4.195,4.337,4.073,4.114,4.344,4.663,4.614,4.841,5.817,6.579,6.489,6.732,7.792,9.641,8.835,9.718,11.263,11.446,11.932,12.613
Mexico,167.25,197.237,209.299,144.912,158.915,194.412,236.922,279.595,335.183,388.709,479.52,507.928,346.584,395.16,476.77,502.457,575.475,679.625,729.555,752.425,713.283,770.27,866.346,966.867,1043.472,1101.274,894.95,1051.128,1171.185,1186.602,1261.983,1298.466
Moldova,NA,NA,NA,NA,NA,NA,NA,NA,NA,0.864,1.11,1.158,1.441,1.694,1.928,1.697,1.172,1.315,1.481,1.662,1.981,2.598,2.988,3.408,4.401,6.055,5.438,5.813,7.018,7.283,7.985,7.983
Mongolia,3.59,3.316,3.851,4.25,4.776,4.797,4.997,3.131,3.297,1.831,0.902,1.082,1.697,1.573,1.38,1.314,1.236,1.329,1.485,1.634,1.864,2.317,2.93,4.084,5.37,8.084,5.976,7.185,10.41,12.293,12.582,12.196
Morocco,16.296,14.904,15.043,19.864,21.911,25.947,26.706,30.18,32.286,33.712,31.656,35.605,39.029,43.162,39.147,41.806,41.632,38.859,39.46,42.238,52.064,59.626,62.343,68.641,79.041,92.507,92.897,93.217,101.371,98.266,106.826,110.081
Mozambique,3.838,3.998,5.285,6.203,2.803,2.463,2.574,4.13,3.217,2.177,2.265,2.458,2.524,3.468,4.11,4.718,5.167,4.667,4.567,4.977,5.549,6.749,7.595,8.304,9.466,11.555,11.243,10.457,13.131,15.178,16.013,16.872
Namibia,NA,NA,NA,NA,NA,NA,2.605,2.838,2.854,3.014,2.891,3.254,3.503,3.494,3.636,3.215,3.384,3.911,3.55,3.369,4.932,6.617,7.258,7.984,8.73,8.496,8.915,11.281,12.423,13.016,12.724,12.796
Nepal,2.56,2.708,2.812,3.06,3.175,3.743,3.784,3.894,4.261,3.872,4.158,4.344,4.716,4.861,5.284,5.253,5.404,5.731,5.891,5.976,6.328,7.274,8.18,9.044,10.325,12.545,12.855,16.002,19.011,18.852,19.27,19.995
Netherlands,149.824,139.468,141.524,197.217,241.531,258.309,254.538,314.016,323.511,358.001,348.101,373.918,446.932,445.845,412.717,433.086,442.555,414.018,426.94,467.016,572.958,651.416,679.695,727.287,840.583,940.665,860.108,837.949,894.576,829.406,866.951,881.033
New Zealand,22.453,22.347,22.516,27.399,36.93,45.439,44.062,45.774,43.579,41.596,44.799,52.873,62.212,69.065,68.887,56.781,58.847,54.138,53.105,62.047,82.47,101.582,113.204,109.764,134.948,135.524,121.733,145.308,167.126,175.06,186.809,199.011
Nicaragua,2.9,3.966,3.854,5.8,3.409,1.499,2.082,0.519,3.678,3.894,3.726,3.861,4.14,4.308,4.39,4.635,4.856,5.109,5.335,5.224,5.322,5.793,6.321,6.764,7.423,8.497,8.297,8.759,9.774,10.532,10.983,11.88
Niger,1.803,1.461,1.44,1.904,2.233,2.28,2.18,2.48,2.328,2.345,2.221,1.563,1.756,1.88,1.733,1.981,1.916,1.671,1.815,2.073,2.645,2.901,3.375,3.65,4.29,5.429,5.411,5.729,6.415,6.946,7.67,8.243
Nigeria,35.45,28.5,28.87,20.72,24.09,23.27,24.23,62.165,60.131,52.275,56.807,80.128,132.23,172.686,187.866,209.677,57.477,67.824,73.128,93.983,102.935,130.345,169.645,222.791,262.215,330.26,297.458,369.062,414.095,460.952,514.965,568.496
North Korea,12.86,12.25,12.07,13.65,14.39,14.19,15.77,14.7,13.69,12.46,10.74,8.31,4.85,10.59,10.32,10.27,10.28,10.61,11.02,10.91,11.05,11.17,13.031,13.76,14.4,13.3,12,13.945,15.7,15.9,16.57,17.396
Norway,61.631,62.081,65.436,78.714,94.24,101.91,102.648,119.796,121.903,130.892,120.267,127.094,152.047,163.52,161.374,154.18,162.316,171.333,174.017,195.423,227.62,264.199,308.679,345.393,400.886,461.946,386.382,428.527,498.157,509.705,522.746,498.34
Oman,8.491,9.358,10.395,8.229,8.628,8.386,9.372,11.686,11.342,12.452,12.494,12.919,13.803,15.277,15.838,13.997,15.594,19.508,19.452,20.143,21.634,24.764,31.082,37.216,42.086,60.906,48.389,58.642,67.937,76.689,78.939,81.034
Pakistan,37.369,40.573,40.566,41.543,43.437,50.108,52.256,52.429,59.556,63.727,67.443,67.998,79.452,82.969,81.808,81.487,82.521,79.705,77.933,77.937,89.689,105.607,118.475,137.236,152.369,170.853,167.875,177.166,213.588,224.384,231.218,244.361
Panama,5.185,5.412,5.726,5.95,5.976,5.167,5.181,5.632,6.193,7.04,7.688,8.198,8.38,9.881,10.677,11.575,12.13,12.304,12.502,12.994,13.694,15.013,16.374,18.145,20.958,24.522,26.594,28.917,34.374,39.955,44.856,49.166
Papua New Guinea,3.865,3.57,3.306,3.597,3.953,5.494,5.329,4.84,5.693,6.578,7.477,8.217,7.273,7.74,7.398,5.655,5.16,5.258,4.61,4.58,5.584,6.276,7.312,8.306,9.545,11.671,11.619,14.251,17.985,21.295,21.261,22.606
Paraguay,6.069,4.931,4.214,5.032,4.216,5.584,4.046,4.904,6.984,7.158,7.249,7.871,9.062,9.788,9.965,9.025,8.393,8.196,7.663,6.325,6.588,8.034,8.735,10.646,13.795,18.503,15.934,20.048,25.1,24.595,28.966,30.881
Peru,18.859,19.439,16.82,25.236,41.673,32.971,40.692,28.32,33.988,35.376,34.329,43.792,52.139,54.09,56.911,54.6,49.378,51.005,51.613,54.451,59.045,66.71,74.97,87.887,102.221,121.59,121.017,148.014,168.772,189.021,197.903,203.103
Philippines,36.891,34.857,33.995,33.174,36.871,42.082,47.291,49.095,50.32,58.695,60.237,71.003,82.121,91.792,91.234,72.207,82.995,81.023,76.262,81.358,83.908,91.371,103.074,122.211,149.36,173.603,168.485,199.591,224.143,250.092,271.836,284.585
Poland,75.406,75.507,70.775,73.677,63.714,68.612,66.895,62.084,80.451,88.713,90.366,103.683,139.089,156.684,157.183,172.05,167.799,171.276,190.43,198.679,217.514,253.709,304.43,343.272,429.172,530.17,436.817,479.161,528.567,500.836,524.382,545.053
Portugal,28.27,25.954,27.233,37.873,47.391,55.44,59.812,79.447,89.913,108.13,95.149,99.702,118.223,122.659,117.248,124.168,127.633,118.706,121.65,134.704,165.28,189.444,197.642,208.75,240.502,263.249,244.364,238.748,245.119,216.488,226.144,229.995
Puerto Rico,17.277,19.163,20.289,21.969,23.878,26.178,28.267,30.604,32.287,34.63,36.923,39.691,42.647,45.341,48.187,54.086,57.841,61.702,69.669,72.546,75.834,80.322,83.915,87.276,89.524,93.639,96.386,98.381,100.352,101.565,102.45,102.446
Qatar,6.468,6.704,6.272,4.95,5.216,5.004,5.288,7.36,6.884,7.646,7.157,7.374,8.138,9.059,11.298,10.255,12.393,17.76,17.538,19.364,23.534,31.734,44.53,60.882,79.712,115.27,97.798,125.122,167.775,186.834,198.728,206.225
Romania,48.711,39.361,48.595,52.625,58.852,60.925,54.583,38.762,29.256,19.906,26.795,30.571,36.067,35.921,35.872,42.815,36.183,37.466,40.717,46.174,59.868,76.217,99.699,123.534,171.679,209.664,168.036,167.986,186.113,171.662,191.56,199.543
Russia,NA,NA,NA,NA,NA,NA,NA,992.177,862.069,91.941,197.428,297.487,336.82,420.966,435.112,291.23,210.492,279.033,329.407,371.213,462.332,634.999,820.568,1063.64,1396.475,1784.514,1313.681,1638.463,2051.657,2210.255,2297.125,2063.663
Rwanda,1.629,1.56,1.853,2.1,2.331,2.495,2.605,2.491,1.837,1.95,1.881,1.195,1.239,1.343,1.808,1.931,1.797,1.718,1.676,1.668,1.835,2.091,2.584,3.151,3.826,4.863,5.38,5.774,6.492,7.316,7.623,8.01
Saint Kitts and Nevis,0.078,0.091,0.101,0.119,0.136,0.161,0.179,0.203,0.201,0.223,0.243,0.272,0.293,0.312,0.351,0.366,0.389,0.42,0.461,0.483,0.465,0.503,0.543,0.636,0.674,0.739,0.723,0.705,0.753,0.734,0.788,0.848
Saint Lucia,0.173,0.22,0.249,0.296,0.327,0.373,0.422,0.494,0.524,0.576,0.584,0.612,0.653,0.675,0.688,0.749,0.787,0.803,0.779,0.788,0.87,0.936,0.997,1.134,1.277,1.282,1.263,1.382,1.438,1.437,1.49,1.552
Saint Vincent and the Grenadines,0.122,0.135,0.146,0.161,0.176,0.201,0.215,0.24,0.255,0.278,0.286,0.289,0.316,0.331,0.348,0.374,0.391,0.396,0.43,0.462,0.482,0.522,0.551,0.611,0.652,0.695,0.675,0.681,0.676,0.693,0.721,0.727
Samoa,0.11,0.108,0.103,0.109,0.121,0.135,0.138,0.177,0.172,0.188,0.193,0.154,0.236,0.251,0.273,0.279,0.255,0.264,0.266,0.282,0.333,0.408,0.474,0.503,0.554,0.667,0.586,0.639,0.739,0.801,0.805,0.804
Saudi Arabia,129.181,119.631,103.894,86.886,85.582,88.138,95.217,117.473,132.047,136.905,132.791,134.995,143.152,158.451,165.742,146.775,161.717,189.515,184.137,189.606,215.808,258.742,328.206,376.398,415.687,519.797,429.098,526.811,671.239,735.975,746.647,756.35
Senegal,2.774,2.706,2.962,4.19,5.041,4.985,4.913,5.717,5.617,6.005,5.679,3.877,4.879,5.066,4.672,5.058,5.151,4.693,4.882,5.352,6.872,8.042,8.722,9.367,11.301,13.439,12.805,12.948,14.388,14.235,14.874,15.332
Seychelles,0.147,0.151,0.169,0.208,0.249,0.284,0.305,0.369,0.374,0.434,0.474,0.486,0.508,0.503,0.563,0.608,0.623,0.615,0.622,0.698,0.706,0.839,0.919,1.016,1.034,0.998,0.847,0.97,1.018,1.06,1.328,1.343
Sierra Leone,1.782,2.062,1.755,1.314,1.145,1.877,1.724,0.948,1.138,0.992,1.122,1.331,1.273,1.374,1.24,0.981,0.977,0.941,1.084,1.25,1.38,1.439,1.649,1.884,2.159,2.511,2.454,2.578,2.942,3.802,4.916,5.007
Singapore,17.998,19.552,18.557,18.763,21.611,26.515,31.393,38.9,45.472,52.13,60.642,73.776,87.888,96.403,100.168,85.715,86.287,95.837,89.288,91.942,97.003,114.184,127.42,147.795,179.981,192.231,192.406,236.42,275.605,289.168,302.511,308.155
Slovenia,NA,NA,NA,NA,NA,NA,NA,NA,NA,19.2,16.564,16.783,21.304,21.493,20.978,22.147,22.746,20.446,20.9,23.603,29.738,34.504,36.401,39.621,48.167,55.853,50.372,48.103,51.338,46.378,48.131,49.984
Solomon Islands,0.176,0.176,0.16,0.143,0.15,0.171,0.167,0.208,0.22,0.261,0.291,0.369,0.429,0.473,0.495,0.423,0.448,0.381,0.38,0.324,0.314,0.363,0.429,0.471,0.516,0.608,0.598,0.681,0.933,1.064,1.13,1.174
South Africa,87.417,77.315,59.102,67.562,88.572,95.207,99.044,115.533,123.964,134.557,134.345,139.804,155.461,147.701,152.611,137.686,136.55,136.453,121.602,115.748,175.254,228.931,257.667,271.812,299.033,287.095,297.221,375.304,416.879,396.332,366.802,351.116
Spain,172.429,171.955,181.172,250.683,317.602,373.143,411.571,533.945,575.184,628.611,528.008,529.824,612.413,638.5,587.967,616.957,634.384,597.149,626.514,707.642,908.588,1071.007,1159.257,1265.661,1481.393,1642.738,1502.876,1434.257,1489.381,1336.685,1362.202,1378.042
Sri Lanka,6.093,7.142,7.064,7.571,7.884,8.24,8.271,9.468,10.367,11.176,11.948,13.781,14.635,16.051,17.888,18.43,18.532,19.371,18.61,19.585,21.621,23.655,27.945,32.359,37.043,46.602,48.113,56.71,65.267,68.419,74.464,79.338
Sudan,7.06,8.701,6.039,8.056,13.025,10.398,18.347,2.444,2.752,3.375,5.712,6.49,7.288,9.12,11.742,11.308,10.676,12.257,13.182,14.803,17.645,21.457,26.524,35.82,45.897,54.526,53.145,65.622,67.22,62.647,65.507,71.081
Suriname,1.325,1.296,1.309,1.336,1.469,1.741,2.034,0.539,0.594,0.551,0.434,0.488,0.927,1.153,1.235,1.483,1.222,1.266,1.09,1.376,1.615,1.868,2.235,2.626,2.936,3.533,3.876,4.368,4.422,4.98,5.146,5.241
Swaziland,1.184,0.998,0.714,0.77,1.028,1.038,1.045,1.23,1.292,1.442,1.479,1.608,1.951,1.858,1.986,1.833,1.81,1.797,1.602,1.476,2.266,2.859,3.245,3.351,3.526,3.356,3.648,4.498,4.878,4.755,4.42,4.301
Sweden,102.366,106.633,111.569,147.316,179.09,202.623,213.079,255.95,268.677,279.568,209.982,226.113,264.089,288.134,264.51,266.829,270.735,259.839,239.957,263.94,331.109,381.743,389.043,420.017,487.818,513.966,429.656,488.378,563.11,543.881,578.742,573.818
Switzerland,111.286,106.284,107.831,154.504,193.428,209.399,202.257,258.056,261.261,271.687,264.208,292.721,342.801,330.277,286.581,294.852,289.715,272.284,278.72,301.573,353.243,393.72,408.786,431.12,480.21,555.138,542.955,583.231,699.684,667.793,688.707,709.259
Syria,18.649,19.171,21.177,25.428,32.497,16.538,9.849,12.303,12.738,13.263,13.796,15.105,16.556,17.761,16.573,16.144,16.785,19.861,20.979,22.758,21.702,25.204,28.881,33.824,40.488,52.631,53.939,60.043,66.8565,73.67,53.927,34.184
São Tomé and Príncipe,0.076,0.079,0.083,0.117,0.118,0.1,0.099,0.12,0.108,0.096,0.127,0.132,0.104,0.034,0.046,0.054,0.056,0.058,0.072,0.081,0.098,0.108,0.13,0.14,0.148,0.188,0.188,0.197,0.233,0.253,0.303,0.348
Taiwan Province of China,54.162,61.088,63.641,78.234,105.04,126.461,152.727,166.845,187.351,223.123,235.166,256.438,279.27,292.681,303.706,280.407,304.174,331.407,300.223,308.883,318.364,348.407,375.787,388.547,408.221,417.038,392.106,446.141,485.671,495.919,511.599,530.515
Tanzania,10.425,9.485,8.558,10.82,5.331,5.124,4.343,3.43,4.031,3.7,3.412,3.627,4.251,5.311,6.415,9.454,11.624,12.423,12.743,13.216,14.178,15.547,16.93,18.61,21.502,27.368,28.574,31.086,33.583,39.088,44.414,48.256
Thailand,41.366,43.179,40.185,44.52,52.204,63.704,74.637,88.467,101.247,115.576,128.89,146.684,169.279,183.035,150.18,113.676,126.669,126.392,120.297,134.301,152.281,172.895,189.318,221.759,262.943,291.383,281.71,341.105,370.818,397.56,420.529,406.521
Togo,0.703,0.62,0.676,1.061,1.249,1.514,1.486,1.789,1.768,1.854,1.413,1.095,1.446,1.581,1.61,1.524,1.529,1.299,1.334,1.481,1.677,1.94,2.117,2.221,2.527,3.174,3.171,3.179,3.759,3.918,4.322,4.612
Tonga,0.08,0.084,0.079,0.094,0.101,0.119,0.144,0.15,0.174,0.18,0.188,0.203,0.213,0.234,0.22,0.198,0.201,0.195,0.177,0.191,0.212,0.248,0.283,0.294,0.321,0.342,0.338,0.39,0.456,0.459,0.446,0.447
Trinidad and Tobago,7.764,7.757,7.376,4.794,4.798,4.497,4.323,5.068,5.308,5.44,4.669,4.947,5.329,5.76,5.738,6.044,6.808,8.154,8.825,9.008,11.305,13.28,15.982,18.369,21.642,27.87,19.175,22.158,25.433,25.694,26.436,26.176
Tunisia,9.202,9.055,9.246,9.911,10.663,11.073,11.069,13.474,14.202,16.978,15.944,17.052,19.654,21.283,20.747,21.803,22.943,21.473,22.066,23.142,27.454,31.184,32.272,34.377,38.91,44.84,43.624,44.054,45.81,45.044,46.253,47.605
Turkey,84.906,82.583,92.76,102.304,118.885,125.153,147.688,207.375,208.109,219.091,248.447,179.208,233.34,250.263,261.775,276.012,256.485,273.085,200.305,238.342,311.944,404.853,501.163,550.796,675.01,764.643,644.47,772.29,832.497,873.696,950.328,934.075
Turkmenistan,NA,NA,NA,NA,2.331,3.011,3.007,3.19,3.208,0.951,5.363,4.542,5.874,2.379,2.681,2.862,3.857,5.022,6.933,8.7,11.424,14.196,17.174,21.393,25.962,21.516,20.214,22.583,29.233,35.164,39.198,43.524
Uganda,7.413,5.703,5.219,5.199,8.384,8.685,7.041,5.743,3.004,2.809,3.323,4.809,5.76,5.944,6.48,6.343,6.029,5.978,6.039,6.494,6.724,8.285,9.603,10.851,13.497,17.279,18.579,20.212,21.108,24.505,25.808,27.949
Ukraine,NA,NA,NA,NA,64.088,74.704,82.709,81.457,77.465,22.193,35.025,38.012,38.275,46.083,51.867,43.315,32.661,32.331,39.309,43.956,52.01,67.226,89.282,111.885,148.734,188.24,121.552,136.011,163.161,175.707,179.572,132.343
United Arab Emirates,38.345,38.012,37.31,29.568,32.466,32.999,38.09,49.09,49.821,52.208,53.438,57.45,63.637,70.991,76.171,73.394,82.865,103.893,103.312,109.816,124.346,147.824,180.617,222.117,257.916,315.475,253.547,289.88,350.908,374.818,390.427,403.198
United Kingdom,528.343,500.503,534.244,651.399,807.381,982.793,999.357,1182.997,1235.086,1273.729,1139.199,1220.824,1320.618,1394.478,1537.558,1623.794,1652.539,1638.702,1613.588,1760.454,2030.626,2390.268,2511.165,2682.213,3064.351,2898.941,2377.16,2431.169,2611.108,2655.458,2721.489,3002.394
United States of America,3638.125,4040.7,4346.75,4590.125,4870.225,5252.625,5657.7,5979.575,6174.05,6539.3,6878.7,7308.775,7664.05,8100.175,8608.525,9089.15,9660.625,10284.75,10621.825,10977.525,11510.675,12274.925,13093.7,13855.9,14477.625,14718.575,14418.725,14964.4,15517.925,16155.25,16691.5,17427.6
Uruguay,5.609,5.334,5.212,6.47,8.095,8.375,8.827,10.27,12.376,14.223,16.568,19.299,21.312,22.657,23.974,25.394,23.995,22.832,20.907,13.632,12.067,13.708,17.398,19.62,23.461,30.366,31.661,40.285,47.962,51.266,57.531,57.236
Uzbekistan,NA,NA,NA,NA,NA,NA,NA,NA,NA,3.571,5.502,6.521,10.168,13.922,14.705,14.948,17.041,13.717,11.632,9.657,10.129,12.001,14.31,17.027,22.307,28.605,33.461,38.963,45.418,51.185,57.17,63.179
Vanuatu,0.117,0.144,0.132,0.128,0.139,0.158,0.154,0.169,0.201,0.209,0.2,0.234,0.249,0.261,0.273,0.262,0.268,0.272,0.258,0.263,0.314,0.365,0.395,0.439,0.526,0.608,0.61,0.701,0.792,0.782,0.802,0.815
Venezuela,79.672,57.826,59.865,60.877,46.854,60.378,44.672,48.391,53.382,60.4,59.865,58.357,77.427,70.536,85.667,91.905,97.239,117.676,123.156,95.57,83.67,112.189,143.29,177.531,221.817,289.741,237.294,294.282,334.069,331.457,234.401,212.347
Vietnam,27.726,48.177,14.999,33.873,42.045,23.234,6.293,6.472,7.642,9.867,13.181,16.312,20.798,24.692,26.892,27.234,28.702,31.176,32.524,35.097,39.563,49.52,57.648,66.393,77.52,98.269,101.634,112.771,134.598,155.565,170.565,185.897
Yemen People's Republic,NA,NA,NA,NA,NA,NA,NA,12.644,14.665,17.959,21.737,28.019,12.796,6.496,6.838,6.322,7.639,9.679,9.853,10.693,11.778,13.868,16.732,19.063,21.651,26.911,25.13,30.907,32.726,35.401,40.415,43.229
Zambia,3.653,3.003,2.848,1.962,2.431,4.095,4.365,4.085,3.69,3.614,3.549,3.657,3.799,3.599,4.303,3.538,3.405,3.601,4.094,4.194,4.902,6.221,8.332,12.757,14.057,17.911,15.328,20.265,23.46,25.504,28.046,27.151
Zimbabwe,7.764,6.352,5.637,6.218,6.741,7.815,8.286,8.78,8.18,6.746,6.552,6.889,7.152,8.758,8.99,10.827,10.514,10.137,9.999,9.563,8.475,8.434,8.075,7.298,6.994,5.974,8.367,10.067,12.072,14.058,15.224,15.834